title,score,id,url
My brother asked me why his plant died today.,0.0,tlllq,http://qkme.me/3p9kkb?id=223835483
0.0,0.0,0.0,0.0
0.0,0.0,0.0,0.0
0.0,0.0,0.0,0.0
0.0,0.0,0.0,0.0
"Zero gardening skills. I had some old potatoes that were sprouting so I buried them and one week later, this has happened. When do I harvest? What's the next step here?",6.0,heowh6,https://i.redd.it/xl95wjzhnq651.jpg
0.0,0.0,0.0,0.0
0.0,0.0,0.0,0.0
0.0,0.0,0.0,0.0
0.0,0.0,0.0,0.0
Sunflower in a Glass- oil painting by me,8580.0,hgue18,https://i.redd.it/ucedph6spg751.jpg
0.0,0.0,0.0,0.0
0.0,0.0,0.0,0.0
0.0,0.0,0.0,0.0
0.0,0.0,0.0,0.0
Didnt have much space to work with but beyond proud of my cucumber patch. Boston Pickling Cucumbers. Also have dill growing for my homemade pickles,5.0,hhecng,https://i.redd.it/fg29q16nkn751.jpg
0.0,0.0,0.0,0.0
0.0,0.0,0.0,0.0
0.0,0.0,0.0,0.0
0.0,0.0,0.0,0.0
Cherry Brandy Black Eyed Susan. 5b,12.0,hhdiog,https://i.redd.it/j6vrs4gh9n751.jpg
0.0,0.0,0.0,0.0
0.0,0.0,0.0,0.0
0.0,0.0,0.0,0.0
0.0,0.0,0.0,0.0
I'm having trouble identifying this plant,32383.0,8lbiol,https://imgur.com/oJ7p1xa
0.0,0.0,0.0,0.0
0.0,0.0,0.0,0.0
0.0,0.0,0.0,0.0
0.0,0.0,0.0,0.0
