,category,author,clicked,comments,created_utc,distinguished,edited,id,is_original_content,is_self,link_flair_template_id,link_flair_text,locked,name,num_comments,over_18,permalink,poll_data,score,selftext,spoiler,stickied,subreddit,title,upvote_ratio,url
0,<bound method BaseListingMixin.controversial of Subreddit(display_name='gardening')>,SutekhRising,False,<praw.models.comment_forest.CommentForest object at 0x13262670>,1346497989.0,,False,z6i7j,False,False,0.0,,False,t3_z6i7j,28.0,False,/r/gardening/comments/z6i7j/woman_grows_giant_pumpkins_in_her_front_yard_is/,0.0,0.0,,False,False,gardening,"Woman grows giant pumpkins in her front yard, Is surprised when someone destroys them.",0.5,http://www.dailynews.com/news/ci_21444983/pasadena-womans-prize-winning-pumpkins-destroyed
1,<bound method BaseListingMixin.controversial of Subreddit(display_name='gardening')>,greendestinyster,False,<praw.models.comment_forest.CommentForest object at 0x13262E68>,1352242072.0,,False,12r91w,False,False,0.0,,False,t3_12r91w,5.0,False,/r/gardening/comments/12r91w/thought_of_this_while_working_outside_today/,0.0,0.0,,False,False,gardening,Thought of this while working outside today,0.49,http://www.quickmeme.com/meme/3ro1o1/
2,<bound method BaseListingMixin.controversial of Subreddit(display_name='gardening')>,enamore22,False,<praw.models.comment_forest.CommentForest object at 0x1325D058>,1312077803.0,,False,j4j5h,False,False,0.0,,False,t3_j4j5h,23.0,False,/r/gardening/comments/j4j5h/rgardening_rage_rage/,0.0,0.0,,False,False,0.0,r/Gardening Rage Rage,0.49,http://i.imgur.com/EgGGX.png
4,<bound method GildedListingMixin.gilded of Subreddit(display_name='gardening')>,LonelyFleur,False,<praw.models.comment_forest.CommentForest object at 0x1325DEE0>,1599614358.0,,False,ip6gte,False,False,0.0,,False,t3_ip6gte,10.0,False,/r/gardening/comments/ip6gte/one_of_the_best_farm_hands_weve_had_this_season/,0.0,591.0,,False,False,gardening,One of the best farm hands we’ve had this season posing with some of the bouquets we harvested and arranged for our customers this week! Before wrapping each bouquet she writes a positive affirmation for our customers to shed some light in their life.,0.98,https://i.redd.it/l5h4mrg8x0m51.jpg
5,<bound method GildedListingMixin.gilded of Subreddit(display_name='gardening')>,angelicahtx2,False,0.0,1599489495.0,,False,io8k6q,False,False,0.0,,False,t3_io8k6q,37.0,False,/r/gardening/comments/io8k6q/what_has_truly_saved_me_this_yearchanneling_my/,0.0,649.0,,False,False,gardening,What has truly saved me this year....channeling my energy into growing new life instead of drowning in my depression...,0.99,https://www.reddit.com/gallery/io8k6q
6,<bound method BaseListingMixin.hot of Subreddit(display_name='gardening')>,AutoModerator,False,0.0,1599224884.0,moderator,False,imfm15,False,True,0.0,,False,t3_imfm15,303.0,False,/r/gardening/comments/imfm15/friendly_friday_thread/,0.0,22.0,"This is the Friendly Friday Thread.  

Negative or even snarky attitudes are not welcome here. This is a thread to ask questions and hopefully get some friendly advice.

This format is used in a ton of other subreddits and we think it can work here. Anyway, thanks for participating!

Please hit the report button if someone is being mean and we'll remove those comments, or the person if necessary.

-The /r/gardening mods",False,True,gardening,Friendly Friday Thread,1.0,https://www.reddit.com/r/gardening/comments/imfm15/friendly_friday_thread/
7,<bound method BaseListingMixin.hot of Subreddit(display_name='gardening')>,AutoModerator,False,<praw.models.comment_forest.CommentForest object at 0x133047D8>,1599829711.0,moderator,False,iqq4fh,False,True,0.0,,False,t3_iqq4fh,76.0,False,/r/gardening/comments/iqq4fh/friendly_friday_thread/,0.0,5.0,"This is the Friendly Friday Thread.  

Negative or even snarky attitudes are not welcome here. This is a thread to ask questions and hopefully get some friendly advice.

This format is used in a ton of other subreddits and we think it can work here. Anyway, thanks for participating!

Please hit the report button if someone is being mean and we'll remove those comments, or the person if necessary.

-The /r/gardening mods",False,True,gardening,Friendly Friday Thread,1.0,https://www.reddit.com/r/gardening/comments/iqq4fh/friendly_friday_thread/
8,<bound method BaseListingMixin.hot of Subreddit(display_name='gardening')>,yugaustrian,False,<praw.models.comment_forest.CommentForest object at 0x13336C88>,1599918434.0,,False,ircvvm,False,False,0.0,,False,t3_ircvvm,128.0,False,/r/gardening/comments/ircvvm/a_month_ago_i_quit_smoking_and_today_i_went_to/,0.0,5387.0,,False,False,gardening,A month ago I quit smoking and today I went to the garden center with the money I saved.,1.0,https://i.redd.it/d5ytp3re1qm51.jpg
9,<bound method BaseListingMixin.new of Subreddit(display_name='gardening')>,Seekbee,False,<praw.models.comment_forest.CommentForest object at 0x133067D8>,1599936765.0,,False,iricg9,False,False,0.0,,False,t3_iricg9,0.0,False,/r/gardening/comments/iricg9/invasive_plant_id_smells_like_peanut_butter_when/,0.0,1.0,,False,False,gardening,Invasive plant ID? Smells like peanut butter when we pick it,1.0,https://www.reddit.com/gallery/iricg9
10,<bound method BaseListingMixin.new of Subreddit(display_name='gardening')>,gonzo-leet,False,<praw.models.comment_forest.CommentForest object at 0x1333A8C8>,1599936585.0,,False,iriahb,False,False,0.0,,False,t3_iriahb,0.0,False,/r/gardening/comments/iriahb/on_the_roof/,0.0,1.0,,False,False,gardening,On the roof,1.0,https://i.redd.it/6q5kmumdjrm51.jpg
11,<bound method BaseListingMixin.new of Subreddit(display_name='gardening')>,bigkat202020,False,<praw.models.comment_forest.CommentForest object at 0x1333A880>,1599936487.0,,False,iri9fx,False,False,0.0,,False,t3_iri9fx,1.0,False,/r/gardening/comments/iri9fx/tropical_storm_harvest_small_but_still_worthy/,0.0,1.0,,False,False,gardening,Tropical storm harvest... small but still worthy,1.0,https://i.redd.it/n27o86o2jrm51.jpg
12,<bound method RisingListingMixin.rising of Subreddit(display_name='gardening')>,tsimmonds27,False,<praw.models.comment_forest.CommentForest object at 0x1333A718>,1599931391.0,,False,irgpfo,False,False,0.0,,False,t3_irgpfo,1.0,False,/r/gardening/comments/irgpfo/my_jalapeños_have_been_absolutely_perfect_this/,0.0,21.0,,False,False,gardening,My jalapeños have been absolutely perfect this season,1.0,https://i.redd.it/rn04nnux3rm51.jpg
13,<bound method RisingListingMixin.rising of Subreddit(display_name='gardening')>,jvirmanda,False,<praw.models.comment_forest.CommentForest object at 0x1333AD78>,1599933258.0,,False,irh986,False,False,0.0,,False,t3_irh986,4.0,False,/r/gardening/comments/irh986/a_couple_weeks_ago_i_posted_about_my_husband_and/,0.0,15.0,,False,False,gardening,A couple weeks ago I posted about my husband and I being able to sell our extra produce on the weekends. Here is the progression from our first week stand through our 8th (and final) week stand.,1.0,https://www.reddit.com/gallery/irh986
14,<bound method RisingListingMixin.rising of Subreddit(display_name='gardening')>,JennyFrumDaBlock,False,<praw.models.comment_forest.CommentForest object at 0x1333A838>,1599931651.0,,False,irgs9g,False,False,0.0,,False,t3_irgs9g,3.0,False,/r/gardening/comments/irgs9g/time_to_dry_some_sedum_flowers/,0.0,10.0,,False,False,gardening,Time to dry some sedum flowers!,1.0,https://i.redd.it/tvn8so4p4rm51.jpg
15,<bound method BaseListingMixin.top of Subreddit(display_name='gardening')>,greentangent,False,<praw.models.comment_forest.CommentForest object at 0x13389A18>,1511295222.0,,False,7eksjh,False,False,0.0,,False,t3_7eksjh,420.0,False,/r/gardening/comments/7eksjh/join_the_battle_for_net_neutrality_dont_let_the/,0.0,75920.0,,False,False,gardening,Join the Battle for Net Neutrality! Don't let the FCC destroy the internet!,0.87,https://www.battleforthenet.com/?utm_source=AN&utm_medium=email&utm_campaign=BFTNCallTool&utm_content=voteannouncement&ref=fftf_fftfan1120_30&link_id=0&can_id=185bf77ffd26b044bcbf9d7fadbab34e&email_referrer=email_265020&email_subject=net-neutrality-dies-in-one-month-unless-we-stop-it
16,<bound method BaseListingMixin.top of Subreddit(display_name='gardening')>,momtazali,False,<praw.models.comment_forest.CommentForest object at 0x135301F0>,1515248731.0,,False,7ojhzl,False,False,0.0,,False,t3_7ojhzl,1202.0,False,/r/gardening/comments/7ojhzl/dragon_fruits_on_my_rooftop_garden/,0.0,50914.0,,False,False,gardening,Dragon fruits on my rooftop garden,0.93,https://i.imgur.com/v9KFtIK.jpg
17,<bound method BaseListingMixin.top of Subreddit(display_name='gardening')>,carbearnara,False,<praw.models.comment_forest.CommentForest object at 0x13A687D8>,1504288725.0,,False,6xg9g5,False,False,0.0,,False,t3_6xg9g5,928.0,False,/r/gardening/comments/6xg9g5/my_grandpa_says_we_need_to_get_the_word_out_about/,0.0,44924.0,,False,False,gardening,"My grandpa says we ""need to get the word out"" about how beautiful his Crepe Myrtle is.",0.92,https://i.redd.it/pky375s49bjz.jpg
